PD,Raw_Capacity,Final_Limit,Risk_Haircut_Pct
0.58132595,5995.5483,2510.1804,58.132595
0.771943,23979.062,5468.5938,77.1943
0.17305723,999.49805,826.5277,17.305723
0.27204996,20002.188,14560.593,27.204996
0.6581831,4877.414,1667.1826,65.81831
0.5922017,11811.615,4816.7563,59.22017
0.6529671,16851.797,5848.128,65.29671
0.7598013,2003.9932,481.3565,75.98013
0.5831144,3688.8252,1537.8181,58.31144
0.6583924,15005.693,5126.0586,65.83924
0.37879804,32013.805,19887.04,37.879803
0.07960137,9995.275,9199.638,7.960137
0.2997301,5000.8887,3501.972,29.97301
0.6636627,12015.67,4041.3184,66.366264
0.45891055,5997.5425,3245.2068,45.891056
0.6720272,13308.059,4364.6816,67.20272
0.48834267,19995.375,10230.78,48.834267
0.67531097,1442.5127,468.36804,67.5311
0.24577634,12020.18,9065.903,24.577635
0.23921312,33982.98,25853.807,23.921312
0.55089724,1439.9131,646.66895,55.089725
0.46273142,35022.223,18816.34,46.273144
0.11638221,17038.521,15055.54,11.638221
0.6498934,9970.064,3490.5854,64.98934
0.03190936,35154.375,34032.62,3.190936
0.7670916,11562.899,2693.0967,76.70916
0.54135853,9606.366,4405.878,54.135853
0.67416817,22587.27,7359.6514,67.41682
0.68135524,23995.002,7645.882,68.13552
0.38173074,6930.3887,4284.846,38.173073
0.54619783,6508.466,2953.556,54.61978
0.37735933,25021.691,15579.522,37.73593
0.66171664,7906.5786,2674.664,66.17166
0.542478,6000.4946,2745.3582,54.247803
0.61638975,14018.74,5377.7324,61.638977
0.18720904,16015.736,13017.446,18.720903
0.7480149,9998.532,2519.481,74.80149
0.5487481,18009.117,8126.649,54.87481
0.7154688,14406.874,4099.2046,71.54688
0.6091957,30046.355,11742.245,60.91957
0.53212523,7242.5347,3388.599,53.212524
0.5574388,19747.76,8739.593,55.743877
0.6421481,8246.723,2951.1055,64.214806
0.54433846,6002.5527,2735.1323,54.433846
0.40828893,10003.726,5919.315,40.82889
0.54450935,5519.5273,2514.093,54.450935
0.68559194,25006.047,7862.103,68.5592
0.7680383,34964.5,8110.426,76.803825
0.384065,15010.745,9245.643,38.4065
0.5525389,3685.5498,1649.1403,55.253887
0.6597974,18001.664,6124.2134,65.97974
0.49534604,34985.508,17655.574,49.534603
0.14892896,35053.45,29832.977,14.892896
0.49695262,17997.408,9053.549,49.695263
0.21862158,16005.742,12506.541,21.862158
0.5365229,34983.766,16214.174,53.652294
0.20622435,22022.992,17481.316,20.622435
0.47700262,1198.2451,626.6791,47.700264
0.3695866,10002.029,6305.4136,36.95866
0.2321465,20004.908,15360.839,23.21465
0.4201034,19037.605,11039.842,42.01034
0.49807724,8477.078,4254.8384,49.807724
0.13236211,24999.03,21690.105,13.236211
0.34161472,16029.931,10553.87,34.161472
0.6110753,15011.092,5838.1846,61.10753
0.04975388,12007.014,11409.618,4.975388
0.50660115,14009.469,6912.256,50.660114
0.5441435,12009.906,5474.794,54.41435
0.7829387,34994.43,7595.9355,78.29387
0.47632462,10002.704,5238.17,47.63246
0.6215239,35000.14,13246.716,62.152393
0.4372701,9998.6,5626.5107,43.72701
0.26520494,21548.43,15833.681,26.520494
0.11658482,12013.209,10612.651,11.658483
0.45906255,6514.2817,3523.8188,45.906254
0.46049565,12007.05,6477.8555,46.049564
0.47621742,11254.527,5894.926,47.621742
0.63553804,2996.2256,1092.0103,63.553802
0.70877993,25030.227,7289.304,70.87799
0.53912324,20030.238,9231.472,53.912323
0.6738758,7244.2217,2362.5159,67.38758
0.6995799,34985.094,10510.226,69.95799
0.76641554,13521.432,3158.3962,76.641556
0.6720813,18477.506,6059.1196,67.20813
0.36426052,23980.812,15245.549,36.426052
0.70723677,16002.674,4684.9946,70.72368
0.37335366,34535.652,21641.64,37.335365
0.13563405,3016.0088,2606.9353,13.563405
0.41055584,7762.4795,4575.5483,41.055584
0.7051279,12651.357,3730.5325,70.51279
0.1341135,3498.4219,3029.2363,13.41135
0.56082916,14992.881,6584.436,56.082916
0.49107873,5997.743,3052.3792,49.107872
0.661442,12027.646,4072.0562,66.144196
0.42456877,24468.582,14079.986,42.45688
0.3853486,6990.2915,4296.593,38.53486
0.47444066,19999.559,10510.954,47.444065
0.46509686,15994.582,8555.553,46.509686
0.58210737,5995.472,2505.4636,58.210735
0.83949983,26580.812,4266.225,83.94998
0.63437325,7508.3438,2745.2512,63.437325
0.1123201,20001.79,17755.186,11.23201
0.37564075,35056.684,21887.965,37.564075
0.68459153,10980.553,3463.3594,68.45915
0.37659466,14991.106,9345.536,37.659466
0.31888887,3003.8496,2045.9553,31.888887
0.65287715,12017.384,4171.5083,65.28771
0.4604273,9801.334,5288.532,46.042732
0.7032435,9999.233,2967.3376,70.32435
0.33509648,20003.637,13300.488,33.509647
0.2759093,20001.076,14482.593,27.59093
0.5049627,4573.9834,2264.2925,50.49627
0.33713862,6001.079,3977.8833,33.713863
0.5277565,20009.336,9449.278,52.77565
0.48787972,13569.899,6949.4204,48.78797
0.16900888,17976.52,14938.329,16.900888
0.5566988,17739.28,7863.8438,55.66988
0.48003104,4205.9688,2186.9734,48.003105
0.17576003,20991.8,17302.281,17.576004
0.34557435,22960.008,15025.617,34.557434
0.4558183,16005.443,8709.869,45.58183
0.5768915,19996.781,8460.809,57.689148
0.14826073,9215.117,7848.8774,14.826073
0.111391634,25917.334,23030.36,11.139163
0.54480803,17931.309,8162.1875,54.480804
0.43953007,40069.266,22457.62,43.953007
0.2532803,15004.308,11204.013,25.328032
0.45676988,1183.2148,642.75793,45.676987
0.29363406,16001.546,11302.947,29.363405
0.39726657,20001.281,12055.44,39.726658
0.23751064,8396.773,6402.4507,23.751064
0.39739123,12006.103,7234.983,39.739124
0.3331146,6503.0884,4336.8145,33.31146
0.5450137,4814.2715,2190.4275,54.501373
0.6025531,13563.438,5390.746,60.255314
0.27162892,15004.301,10928.699,27.162891
0.1581928,9591.207,8073.947,15.81928
0.04614345,3995.3691,3811.009,4.614345
0.43551102,8409.988,4747.3457,43.5511
0.7228253,18016.74,4993.7847,72.28253
0.41041288,14782.08,8715.323,41.041286
0.6191332,8244.508,3140.0596,61.91332
0.4120956,4086.1465,2402.2634,41.20956
0.59638286,9997.845,4035.3015,59.638287
0.46884713,15014.713,7975.1074,46.884712
0.5590743,16014.989,7061.4204,55.90743
0.3982684,16011.994,9634.923,39.82684
0.5773935,16996.855,7182.982,57.739346
0.24474013,35041.543,26465.47,24.474012
0.3483026,34989.156,22802.342,34.83026
0.124102436,28000.467,24525.541,12.410244
0.10335706,15990.092,14337.402,10.335706
0.7181785,7940.6177,2237.8367,71.81785
0.12147012,5001.2295,4393.7295,12.147013
0.4485687,16540.002,9120.675,44.85687
0.3185722,4008.043,2731.1921,31.85722
0.42565998,16012.23,9196.464,42.565998
0.49272808,5001.543,2537.142,49.272808
0.41852242,35030.934,20369.703,41.85224
0.38010216,15003.387,9300.567,38.010216
0.5028325,20001.568,9944.13,50.28325
0.27204147,9997.775,7277.9663,27.204147
0.5385827,1938.8623,894.62463,53.85827
0.7743718,23999.805,5415.0327,77.43718
0.65204316,20978.373,7299.5684,65.204315
0.7161412,11506.319,3266.1697,71.61412
0.2849662,6992.7197,5000.031,28.49662
0.21828039,24001.232,18762.234,21.82804
0.32683146,14381.311,9681.046,32.683147
0.6023105,10003.247,3978.1865,60.23105
0.5591477,16587.152,7312.484,55.914772
0.72269756,27389.54,7595.186,72.26975
0.5770957,2217.1963,937.66187,57.709568
0.44730517,4988.9443,2757.3635,44.73052
0.12835519,19999.068,17432.084,12.835519
0.33154655,4402.3994,2942.799,33.154655
0.3946201,5562.5,3367.426,39.46201
0.3508856,15012.044,9744.533,35.08856
0.7345675,19771.814,5248.0815,73.45675
0.4869403,5891.3984,3022.6394,48.69403
0.61535364,19998.527,7692.361,61.535366
0.7054738,14014.772,4127.718,70.54738
0.23930994,7242.1704,5509.0474,23.930994
0.738072,12050.484,3156.3596,73.8072
0.1328538,18003.621,15611.771,13.28538
0.44711524,17972.76,9936.865,44.711525
0.41305715,10000.207,5869.55,41.305714
0.3179194,32008.023,21832.053,31.79194
0.463935,4970.1113,2664.3027,46.393497
0.83866835,19984.602,3224.149,83.86684
0.036781188,12012.586,11570.749,3.6781187
0.4975616,17691.092,8888.685,49.75616
0.36086503,20991.002,13416.084,36.086502
0.3935164,5893.838,3574.5159,39.35164
0.051439364,13987.009,13267.526,5.143936
0.41412872,9998.834,5858.03,41.412872
0.2744191,17003.62,12337.502,27.44191
0.5143131,20793.227,10098.998,51.43131
0.47316182,9995.045,5265.7715,47.31618
0.57554203,34980.633,14847.809,57.554203
0.4795437,5002.9844,2603.8347,47.95437
0.6958737,7942.838,2415.626,69.587364
0.72596157,12987.754,3559.1438,72.59615
0.19462904,9997.8125,8051.9478,19.462904
0.49616522,1462.2461,736.73047,49.61652
0.5783901,19995.041,8430.106,57.839012
0.70173913,23623.562,7045.9844,70.17391
0.37308764,15006.178,9407.559,37.308765
0.4143368,34981.684,20487.484,41.43368
0.69613266,10006.951,3040.7856,69.613266
0.62604123,4551.9756,1702.2512,62.604122
0.43610778,9994.8125,5635.997,43.61078
0.61165726,6408.082,2488.5322,61.165726
0.10793913,15733.81,14035.516,10.793913
0.42421976,15007.061,8640.77,42.421974
0.64844793,35110.664,12343.227,64.844795
0.6443012,14420.518,5129.3613,64.430115
0.6364156,6993.8125,2542.841,63.64156
0.6498616,34979.066,12247.516,64.98616
0.10846839,24001.578,21398.164,10.846839
0.76240724,25023.0,5945.2837,76.24072
0.41328788,1008.4746,591.68427,41.32879
0.23829621,25037.754,19071.352,23.82962
0.4725436,23999.44,12658.658,47.25436
0.11725443,12035.213,10624.031,11.725443
0.5400253,14007.598,6443.1406,54.00253
0.24346602,35004.637,26482.197,24.346601
0.48521474,20997.334,10809.119,48.521473
0.52479696,6195.475,2944.1086,52.4797
0.57482165,6997.62,2975.2366,57.482166
0.19034237,3484.7725,2821.4727,19.034237
0.16099578,19002.973,15943.574,16.099579
0.2367734,20004.236,15267.766,23.67734
0.36825404,3496.002,2208.585,36.825405
0.36999592,18486.014,11646.264,36.99959
0.7678796,15034.913,3489.91,76.787964
0.5694521,4654.872,2004.1454,56.94521
0.49129647,18007.016,9160.232,49.129646
0.5970902,9998.105,4028.3347,59.70902
0.51055974,9988.547,4888.797,51.055973
0.5892173,5001.174,2054.3958,58.92173
0.2667712,20994.238,15393.58,26.67712
0.35645542,9603.519,6180.292,35.645542
0.108054504,40002.516,35680.062,10.80545
0.64218646,7149.108,2558.0476,64.21864
0.6342677,22081.45,8075.8994,63.42677
0.67183053,7738.4966,2539.5383,67.18305
0.26309216,16997.27,12525.421,26.309216
0.61808866,9605.483,3668.443,61.808865
0.4833943,16989.453,8776.849,48.339428
0.46237186,7929.365,4263.0503,46.237186
0.44285318,12018.793,6696.232,44.285316
0.56704223,5002.004,2165.6565,56.704224
0.6587411,14048.669,4794.233,65.874115
0.36792275,5994.573,3789.0332,36.792274
0.14062056,15004.358,12894.437,14.062056
0.11960049,2008.6143,1768.383,11.960049
0.6806494,6836.593,2183.27,68.06494
0.5936687,18873.895,7669.054,59.36687
0.7134762,8867.585,2540.7744,71.34762
0.45240098,9434.834,5166.506,45.240097
0.42280698,4997.9316,2884.7712,42.280697
0.62083846,19043.078,7220.403,62.083847
0.2355266,24479.035,18713.57,23.55266
0.7559431,27366.068,6678.8774,75.594315
0.6806084,15001.506,4791.355,68.06084
0.13464214,12978.632,11231.161,13.464214
0.43888274,12008.642,6738.2563,43.888275
0.65988714,13284.765,4518.3193,65.988716
0.38958022,15005.512,9159.661,38.958023
0.75909865,14978.234,3608.2769,75.90987
0.46673056,16002.413,8533.598,46.673058
0.23722331,34998.637,26696.145,23.722332
0.61210245,8846.327,3431.4688,61.210243
0.7133221,14996.183,4299.074,71.33221
0.8171667,13066.022,2388.9043,81.71667
0.20059241,12417.172,9926.382,20.059242
0.7182357,4574.4365,1288.9131,71.82357
0.54691887,9999.294,4530.491,54.691887
0.32342336,33298.28,22528.838,32.342335
0.5857976,7005.5176,2901.7021,58.57976
0.580979,4567.245,1913.7716,58.0979
0.5867406,22044.4,9110.056,58.67406
0.35464525,10284.68,6637.267,35.464523
0.71991575,14008.608,3923.5906,71.99158
0.11404299,8528.27,7555.68,11.404299
0.49673903,2523.088,1269.7716,49.673904
0.104104206,27999.55,25084.68,10.41042
0.45711118,5007.1035,2718.3005,45.711117
0.20818487,5005.8223,3963.686,20.818487
0.63506395,34992.29,12769.948,63.506393
0.21501806,11993.727,9414.859,21.501806
0.43491837,10001.377,5651.594,43.491837
0.34542587,23982.105,15698.066,34.542587
0.644723,8006.2495,2844.4363,64.4723
0.20785642,10001.16,7922.355,20.78564
0.5600324,9015.241,3966.4138,56.003242
0.3923603,13995.842,8504.429,39.23603
0.5509579,9800.132,4400.6714,55.09579
0.3867623,3003.5488,1841.8895,38.676228
0.43664876,20001.734,11268.003,43.664875
0.36032382,4563.7715,2919.3362,36.032383
0.75929165,13566.464,3265.561,75.92917
0.017992549,8004.876,7860.8477,1.7992549
0.37313712,11245.369,7049.3047,37.313713
0.44711676,15003.148,8294.989,44.711678
0.57478863,8398.654,3571.2034,57.478863
0.5037858,24000.305,11909.292,50.37858
0.6003692,5997.4346,2396.7595,60.036922
0.81652826,27298.453,5008.4946,81.652824
0.46701494,19300.707,10286.989,46.701492
0.26286826,25011.617,18436.855,26.286825
0.17330499,1485.0469,1227.6809,17.3305
0.43937412,12015.933,6736.4434,43.937412
0.69769496,27321.672,8259.4795,69.76949
0.049608465,25927.13,24640.926,4.9608464
0.75625926,11527.818,2809.7988,75.62592
0.49825338,7996.676,4012.3054,49.825336
0.13500254,3994.8516,3455.5364,13.500254
0.24721739,21948.146,16522.182,24.721739
0.24125436,5998.1025,4551.034,24.125437
0.69927657,24807.27,7460.1274,69.92766
0.7229398,5293.202,1466.5356,72.293976
0.5342038,6808.435,3171.343,53.420383
0.075453825,7498.8066,6932.993,7.5453825
0.58696234,6001.488,2478.8406,58.696236
0.7021421,9997.607,2977.8662,70.21421
0.70452243,18514.527,5470.6274,70.45224
0.48403966,12006.855,6195.061,48.403965
0.7604038,5004.782,1199.1267,76.04038
0.4101005,5002.835,2951.17,41.010048
0.62220395,6998.2695,2643.9187,62.220394
0.14322667,30008.213,25710.236,14.322667
0.55433714,25032.217,11155.93,55.433716
0.526956,11773.8955,5569.5703,52.695602
0.71052176,19980.814,5784.011,71.05218
0.6814081,10010.129,3189.146,68.14081
0.26618123,20004.547,14679.712,26.618122
0.12599084,7505.939,6560.2593,12.599084
0.640054,14413.646,5188.135,64.0054
0.4846062,9996.665,5152.219,48.46062
0.4131411,9998.865,5867.923,41.31411
0.38006082,28941.18,17941.771,38.00608
0.4274201,19299.844,11050.702,42.742012
0.8566941,15033.992,2154.4597,85.66941
0.43299899,5916.9004,3354.8884,43.2999
0.38708305,19955.488,12231.057,38.708305
0.49909183,1087.5195,544.7474,49.909184
0.6335041,17164.186,6290.6035,63.35041
0.42391464,12009.577,6918.541,42.391464
0.42403466,6001.016,3456.3772,42.403465
0.7713369,16002.749,3659.238,77.13369
0.576189,14997.9375,6356.291,57.618896
0.31086385,9520.606,6560.994,31.086386
0.68932426,20227.562,6284.213,68.93243
0.7519338,3001.9775,744.68915,75.19338
0.2877643,14864.445,10586.988,28.776432
0.7078937,8009.447,2339.6096,70.789375
0.49841207,34986.164,17548.637,49.841206
0.29606077,15998.528,11261.991,29.606077
0.16339995,12005.739,10044.002,16.339994
0.3849058,8003.1465,4922.689,38.490578
0.20977066,4001.412,3162.0332,20.977066
0.78954935,30049.664,6323.971,78.95493
0.06778204,8237.818,7679.4424,6.7782035
0.76346916,10678.549,2525.8062,76.34692
0.38239533,21973.668,13571.04,38.239532
0.5341173,8543.715,3980.3691,53.411728
0.33589005,1002.2334,665.59314,33.589005
0.5633718,22620.137,9876.59,56.337177
0.56638193,30009.871,13012.822,56.63819
0.13314019,25012.334,21682.188,13.314019
0.17199782,23982.777,19857.793,17.199781
0.017714333,24021.549,23596.023,1.7714332
0.25554696,12007.672,8939.148,25.554695
0.2983145,20015.951,14044.902,29.831451
0.29881,7223.908,5065.332,29.881
0.21899773,15001.187,11715.961,21.899773
0.42751923,7997.4937,4578.4116,42.751923
0.59768355,12972.413,5219.015,59.768356
0.66933274,11999.713,3967.912,66.93327
0.35305196,30009.84,19414.807,35.305195
0.5002892,4824.1943,2410.702,50.02892
0.5152637,4997.9307,2422.6785,51.526367
0.22673766,9999.348,7732.1187,22.673767
0.5773107,35019.305,14802.286,57.731068
0.5346024,7288.342,3391.9768,53.46024
0.40748683,10005.444,5928.358,40.748684
0.6205014,11874.193,4506.2397,62.05014
0.65807676,9996.279,3417.9602,65.80768
0.31757453,15005.685,10240.262,31.757454
0.1308659,3999.377,3475.9949,13.08659
0.57061034,5291.5957,2272.1565,57.061035
0.73038,34987.86,9433.427,73.038
0.2998065,35130.184,24597.928,29.98065
0.5578612,4565.552,2018.6075,55.78612
0.19714902,19999.389,16056.528,19.714903
0.6990079,9600.318,2889.6196,69.900795
0.5132796,8007.382,3897.356,51.32796
0.3719716,20994.19,13184.947,37.19716
0.23046054,20998.562,16159.223,23.046055
0.5884862,12007.475,4941.2417,58.848618
0.3746283,34991.24,21882.53,37.46283
0.574617,15002.504,6381.8096,57.461704
0.56800556,3005.9082,1298.5356,56.800556
0.5686401,3511.959,1514.9182,56.86401
0.26617512,9999.66,7337.999,26.617512
0.56522053,35071.03,15248.164,56.522053
0.70470864,15469.366,4567.97,70.47086
0.5165951,11996.958,5799.388,51.65951
0.75901407,8891.201,2142.6543,75.901405
0.49906608,34991.234,17528.295,49.90661
0.3798014,6002.0146,3722.4412,37.98014
0.43652406,5999.9316,3380.8174,43.652405
0.50356716,28030.375,13915.198,50.356716
0.75787777,3510.5352,849.97864,75.78777
0.7508808,6834.6387,1702.6399,75.08808
0.5441562,19994.234,9114.248,54.41562
0.098644875,14019.556,12636.599,9.864488
0.4118059,12009.652,7064.007,41.18059
0.54498285,12010.969,5465.197,54.498283
0.33030224,15007.147,10050.253,33.030224
0.6079955,35040.465,13736.02,60.799553
0.61762816,5286.509,2021.4121,61.762817
0.27857664,5997.253,4326.5586,27.857664
0.36943275,8399.916,5296.712,36.943275
0.62863195,5003.707,1858.2169,62.863194
0.14594834,10000.081,8540.586,14.594833
0.5310607,35023.953,16424.107,53.10607
0.64142346,31357.477,11244.056,64.14235
0.082648,7004.8447,6425.9087,8.2648
0.20061012,24000.715,19185.93,20.061012
0.66320884,7000.67,2357.7637,66.320885
0.68203896,2015.5479,640.86566,68.203896
0.2466866,17097.766,12879.977,24.66866
0.30363616,14014.639,9759.287,30.363617
0.13375056,14013.553,12139.232,13.375055
0.7194927,12854.313,3605.729,71.949265
0.3291338,35041.035,23507.846,32.91338
0.16389103,8010.535,6697.68,16.389103
0.75063705,11252.811,2806.034,75.063705
0.78059036,17015.855,3733.4429,78.05904
0.4659002,12996.211,6941.274,46.590023
0.4271321,20099.246,11514.212,42.71321
0.57942957,7495.267,3152.2878,57.942955
0.35241342,21548.32,13954.403,35.24134
0.7004753,9999.839,2995.199,70.04753
0.5391934,13597.104,6265.6353,53.91934
0.187246,10503.52,8536.778,18.7246
0.6083792,5996.1577,2348.2202,60.837917
0.72821575,23668.04,6432.6,72.82158
0.42418596,10003.914,5760.394,42.418594
0.47493497,16005.047,8403.691,47.493496
0.5385144,16008.853,7387.8555,53.851437
0.12768479,30045.59,26209.225,12.768478
0.60395414,8003.3906,3169.7097,60.395412
0.6106159,3007.834,1171.2028,61.061592
0.7338088,25009.762,6657.378,73.38088
0.31039894,20999.986,14481.613,31.039894
0.72221786,29978.086,8327.377,72.22179
0.28082705,35012.465,25180.018,28.082705
0.37054014,25010.605,15743.172,37.054016
0.512533,14043.675,6845.828,51.2533
0.42903766,26526.281,15145.507,42.903767
0.29188034,22978.559,16271.568,29.188034
0.60672635,35025.75,13774.705,60.672634
0.52201885,34981.86,16720.67,52.201885
0.2643125,13264.644,9758.633,26.431252
0.5000033,19894.418,9947.144,50.000328
0.29977053,25032.258,17528.324,29.977053
0.23754664,8001.4746,6100.7515,23.754663
0.5741301,1744.3242,742.85516,57.413013
0.3567145,28024.145,18027.525,35.671448
0.6521864,23636.965,8221.258,65.21864
0.3008379,3004.334,2100.5166,30.08379
0.32127243,12006.481,8149.13,32.127243
0.3070217,12808.483,8876.001,30.702171
0.428715,5001.9277,2857.5264,42.8715
0.70557654,13925.647,4100.037,70.557655
0.43442905,9998.83,5655.048,43.442905
0.7630205,34958.4,8284.423,76.30205
0.3330808,12009.604,8009.4355,33.30808
0.55144256,14179.425,6360.2866,55.144257
0.39078683,15998.682,9746.607,39.078682
0.41680792,18000.527,10497.766,41.680794
0.69184107,7996.569,2464.214,69.184105
0.26284137,10677.884,7871.2944,26.284138
0.12168305,12010.818,10549.306,12.168305
0.7884823,10001.174,2115.4253,78.84823
0.1764205,9997.47,8233.711,17.64205
0.51830786,9995.151,4814.586,51.830788
0.13682656,6504.439,5614.459,13.682656
0.16549778,7989.812,6667.5156,16.549778
0.13596244,19997.988,17279.014,13.596244
0.5158634,14980.48,7252.5986,51.58634
0.6372895,4997.573,1812.6721,63.72895
0.38498262,15991.29,9834.922,38.49826
0.40765685,34974.18,20716.715,40.765686
0.5831697,9997.873,4167.4165,58.31697
0.5080109,16006.355,7874.952,50.801094
0.57306033,15010.068,6408.3936,57.306034
0.51532054,7994.3574,3874.701,51.532055
0.4907142,5997.4673,3054.425,49.07142
0.3923684,4992.0215,3033.3098,39.23684
0.59100723,17443.445,7134.243,59.100723
0.4539922,23903.371,13051.428,45.39922
0.38372368,10816.666,6666.055,38.372368
0.3403336,9997.531,6595.0356,34.03336
0.060363524,24995.902,23487.06,6.036352
0.32805648,10272.458,6902.5117,32.80565
0.26835084,5003.536,3660.833,26.835083
0.30334222,6880.388,4793.276,30.334223
0.71798366,9998.715,2819.801,71.79836
0.5273139,11021.877,5209.888,52.731388
0.37670958,14477.776,9023.859,37.67096
0.61169803,10682.283,4147.9517,61.169804
0.35882083,6262.0923,4015.1233,35.882084
0.4198294,7231.389,4195.4395,41.98294
0.55086076,11011.063,4945.5005,55.086075
0.42732584,9996.65,5724.823,42.732586
0.5451606,7503.6636,3412.962,54.51606
0.7686836,14992.172,3467.935,76.86836
0.60849196,10003.719,3916.5364,60.849197
0.36876056,12005.574,7578.3916,36.876057
0.5040758,12003.458,5952.805,50.40758
0.6428032,20343.941,7266.791,64.28032
0.20697848,6003.0884,4760.578,20.69785
0.16873865,2525.2754,2099.1638,16.873865
0.4974319,7004.389,3520.1826,49.74319
0.58381176,5892.331,2452.3188,58.381176
0.47720087,10000.109,5228.0483,47.720085
0.6674181,29795.588,9909.473,66.74181
0.7319,30031.965,8051.5703,73.189995
0.30126822,30010.336,20969.176,30.126822
0.29452828,24001.23,16932.19,29.452827
0.22597125,8997.618,6964.4155,22.597126
0.2829874,9498.529,6810.5654,28.298738
0.20482956,16505.998,13125.081,20.482956
0.053433433,2013.4775,1905.8905,5.3433433
0.41047,19952.982,11762.882,41.047
0.29389533,4046.418,2857.1946,29.389534
0.73953795,32591.645,8488.887,73.9538
0.29933444,2017.5674,1413.64,29.933443
0.77504194,21568.088,4851.915,77.504196
0.16340002,24001.482,20079.639,16.340002
0.44995973,3006.2412,1653.5537,44.99597
0.52527237,6410.6016,3043.2898,52.527237
0.38708654,9998.637,6128.2993,38.708652
0.31816205,23996.96,16362.038,31.816206
0.18186219,7994.665,6540.738,18.186218
0.56510794,9579.356,4165.986,56.510796
0.2756236,35011.832,25361.746,27.562359
0.5058231,7228.0605,3571.9407,50.582306
0.603185,20003.03,7937.502,60.3185
0.39749143,1178.8369,710.25934,39.74914
0.65538216,5995.964,2066.3162,65.538216
0.4302887,4813.461,2742.2832,43.02887
0.3283678,30079.15,20202.125,32.83678
0.48824236,8995.254,4603.3896,48.824234
0.5052934,7511.523,3715.9998,50.529343
0.13367553,10975.761,9508.57,13.367553
0.13298135,22683.133,19666.7,13.298135
0.16496429,20001.633,16702.076,16.49643
0.56881166,20988.309,9049.914,56.881165
0.656807,3887.3467,1334.1101,65.6807
0.69931644,9601.279,2886.9468,69.93164
0.5937155,9831.934,3994.5623,59.371548
0.31091633,25019.45,17240.494,31.091633
0.5554137,3306.454,1470.0042,55.541374
0.12607689,15003.294,13111.726,12.607689
0.3668448,5998.5703,3798.0261,36.68448
0.5381815,15000.611,6927.56,53.81815
0.42482477,24765.635,14244.579,42.48248
0.43213683,9022.405,5123.4917,43.213684
0.45597982,7004.872,3810.7917,45.597984
0.57992756,2530.2812,1062.9014,57.992756
0.17937951,25924.16,21273.896,17.93795
0.3492094,1003.35156,652.97174,34.92094
0.8222827,17034.076,3027.2505,82.228264
0.2783129,8000.8457,5774.107,27.83129
0.40816307,9989.933,5912.411,40.816307
0.48249623,28011.328,14495.967,48.249622
0.59467566,4998.8516,2026.1562,59.467567
0.18456541,17999.121,14677.105,18.456541
0.54748285,23998.016,10859.514,54.748283
0.57457,3005.3252,1278.5555,57.457
0.24777216,9345.487,7029.9355,24.777216
0.25098795,12668.668,9488.985,25.098795
0.40419492,12009.336,7155.223,40.41949
0.40722054,15001.032,8892.304,40.722054
0.63372946,16990.357,6223.0674,63.372948
0.53577745,10673.203,4954.7417,53.577744
0.5343338,5002.339,2329.42,53.433384
0.30388084,5591.5547,3892.3884,30.388084
0.38056317,12985.559,8043.7334,38.056316
0.6775518,19036.168,6138.178,67.75518
0.3317516,1193.6094,797.62756,33.175163
0.14286074,1472.7002,1262.3091,14.286074
0.093479164,2006.8047,1819.2103,9.347917
0.34793642,4815.3047,3139.885,34.793644
0.5039131,24027.336,11919.646,50.39131
0.16921633,20002.861,16618.05,16.921633
0.39787164,6008.8735,3618.1133,39.787163
0.3784236,5491.8096,3413.5793,37.84236
0.44633293,7220.5176,3997.7627,44.633293
0.17241493,10504.461,8693.335,17.241493
0.21719815,25739.51,20148.936,21.719814
0.20634642,4999.204,3967.6365,20.634642
0.72943085,18885.73,5109.896,72.943085
0.67816573,8567.76,2757.3987,67.816574
0.47884524,2401.1377,1251.3644,47.884525
0.36326417,20004.2,12737.39,36.326416
0.73701847,21010.316,5525.325,73.70184
0.09248965,10002.185,9077.086,9.248965
0.60489947,5048.9023,1994.824,60.48995
0.55364853,30053.201,13414.29,55.364853
0.6486839,4834.0664,1698.2853,64.86839
0.47709236,14997.715,7842.4194,47.709236
0.1618758,12024.139,10077.722,16.18758
0.2618352,19311.402,14254.997,26.18352
0.0749924,20002.092,18502.086,7.4992404
0.4691229,5003.077,2656.019,46.91229
0.5445719,4817.95,2194.23,54.457188
0.26808405,3268.335,2392.1465,26.808405
0.67840475,28030.379,9014.437,67.84048
0.2834612,28083.752,20123.098,28.34612
0.48588026,19999.242,10282.005,48.588024
0.6819788,25902.598,8237.574,68.19788
0.6058177,15000.795,5913.0483,60.581768
0.5461984,12812.839,5814.4863,54.619843
0.56921196,2273.295,979.3083,56.921196
0.08031765,19998.41,18392.184,8.031765
0.75598484,16877.424,4118.347,75.59849
0.72926307,17988.58,4870.173,72.92631
0.67207396,17459.162,5725.314,67.2074
0.53797394,35009.59,16175.343,53.797394
0.09367258,5001.159,4532.6875,9.367258
0.21402426,8991.165,7066.838,21.402426
0.65874463,5256.1777,1793.6989,65.874466
0.66930574,19944.477,6595.524,66.93057
0.0710003,25027.89,23250.904,7.10003
0.38482523,19285.643,11864.041,38.48252
0.58720124,8398.539,3466.9065,58.720123
0.5233575,3918.919,1867.9233,52.33575
0.70455873,16072.333,4748.4307,70.45587
0.6614438,35091.0,11880.274,66.14439
0.13853851,19999.908,17229.15,13.853851
0.3053218,4930.2686,3424.95,30.53218
0.4569004,3019.2158,1639.735,45.69004
0.22332889,16825.39,13067.795,22.33289
0.6477495,18004.0,6341.9185,64.77495
0.36368075,6002.919,3819.773,36.368076
0.43954447,9998.597,5603.769,43.95445
0.5289678,24018.625,11313.546,52.89678
0.60727495,20008.492,7857.836,60.727493
0.711545,7726.2646,2228.6797,71.154495
0.08757083,32010.332,29207.16,8.757083
0.5397807,7261.3545,3341.8157,53.97807
0.69480944,15001.848,4578.4224,69.48094
0.30648687,25020.336,17351.932,30.648687
0.7209322,5990.184,1671.6676,72.093216
0.40514883,34985.277,20811.031,40.514885
0.6243698,25025.393,9400.293,62.43698
0.2820074,6001.091,4308.739,28.200739
0.7740588,13321.319,3009.8347,77.40588
0.7653564,25005.443,5867.3667,76.535645
0.4539215,15003.477,8193.076,45.39215
0.18171144,8225.832,6731.1045,18.171143
0.27837342,3005.1729,2168.6125,27.837341
0.56814986,23055.945,9956.713,56.814987
0.5505798,4002.713,1798.9,55.05798
0.5011278,20136.23,10045.406,50.112778
0.7550788,12018.749,2943.6465,75.50788
0.6847156,10365.911,3268.2097,68.471565
0.41768256,15007.723,8739.259,41.768257
0.543599,8540.452,3897.8708,54.3599
0.73525363,9999.164,2647.2424,73.52536
0.5816024,12006.823,5023.626,58.16024
0.34799924,6000.6445,3912.425,34.799923
0.69842887,6564.0195,1979.5188,69.84289
0.5930717,10981.879,4468.8374,59.30717
0.55572665,25011.754,11112.056,55.572666
0.42746148,9996.712,5723.5024,42.746147
0.2748157,8001.349,5802.453,27.481571
0.4714968,13189.8545,6970.88,47.149677
0.70222825,7006.285,2086.274,70.222824
0.50602376,14012.075,6921.6323,50.602375
0.30716518,19996.227,13854.083,30.716518
0.6799103,14402.399,4610.0596,67.99103
0.58523715,15485.382,6422.761,58.523716
0.40344012,24003.598,14319.583,40.344013
0.3064206,24998.387,17338.367,30.64206
0.7242089,13026.4,3592.5654,72.42089
0.24266638,25007.838,18939.277,24.266638
0.3178331,15001.979,10233.854,31.78331
0.72783387,15015.431,4086.6917,72.78339
0.39861888,5994.8984,3605.2188,39.86189
0.66563827,12008.724,4015.2576,66.56383
0.23836406,29977.133,22831.662,23.836405
0.6577016,9996.484,3421.7805,65.770164
0.24607958,35043.914,26420.322,24.607958
0.61382866,4996.87,1929.6481,61.382866
0.6289795,13970.41,5183.3086,62.89795
0.7545566,14396.833,3533.6077,75.45566
0.5586985,9998.697,4412.4404,55.869846
0.5783551,12005.48,5062.05,57.835506
0.6659467,34989.152,11688.241,66.59467
0.58203655,23996.61,10029.705,58.203655
0.31761327,9996.163,6821.2495,31.761328
0.50340194,25010.715,12420.272,50.340195
0.5316074,9999.94,4683.8984,53.16074
0.21300593,2517.5186,1981.2722,21.300592
0.39139333,8000.9395,4869.4253,39.13933
0.31920838,5002.8975,3405.9307,31.920837
0.25958222,15005.594,11110.408,25.958221
0.17139007,15005.245,12433.495,17.139008
0.36382315,19992.43,12718.721,36.382313
0.6390307,13666.122,4933.051,63.90307
0.22399172,8001.278,6209.0576,22.399172
0.49764672,2009.7314,1009.5952,49.76467
0.41991347,4999.8164,2900.3262,41.99135
0.16379146,10001.502,8363.341,16.379147
0.11877773,28001.203,24675.283,11.877773
0.32341412,11486.584,7771.661,32.34141
0.6608245,5996.972,2034.0261,66.08245
0.5680305,16002.481,6912.5845,56.803047
0.398079,1997.3232,1202.2307,39.8079
0.54543954,7223.5547,3283.5422,54.543953
0.4449341,10356.042,5748.2856,44.49341
0.45356315,23995.504,13112.027,45.356316
0.547446,24001.182,10861.83,54.744602
0.3533,9996.223,6464.5576,35.33
0.28086334,2389.2148,1718.172,28.086334
0.44604614,9999.882,5539.4736,44.604614
0.66836244,12017.465,3985.4426,66.83624
0.78768957,9998.51,2122.7878,78.76896
0.6533298,32033.559,11105.08,65.33298
0.48278803,9998.763,5171.48,48.2788
0.5524829,29749.338,13313.337,55.24829
0.5348514,23593.895,10974.668,53.485138
0.5839927,9522.473,3961.418,58.399273
0.5678668,5003.5703,2162.2087,56.786682
0.5382807,15051.668,6949.645,53.82807
0.30518264,8997.15,6251.3765,30.518263
0.17291512,15003.74,12409.367,17.291512
0.27281758,9995.889,7268.834,27.281757
0.5569241,12007.373,5320.1777,55.69241
0.4070863,20994.082,12447.679,40.70863
0.2480829,12992.36,9769.179,24.80829
0.35838202,5004.1914,3210.7793,35.838203
0.230069,20000.055,15398.662,23.006899
0.47537652,8394.871,4404.147,47.53765
0.56563354,9356.414,4064.1125,56.563354
0.110102385,12005.529,10683.691,11.010239
0.5933281,19991.734,8130.076,59.332813
0.3534564,5032.9375,3254.0137,35.345642
0.5740973,6980.2646,2972.9138,57.40973
0.6355838,7239.5347,2638.2036,63.55838
0.32538116,19975.072,13475.561,32.538116
0.48742107,20020.17,10261.918,48.742107
0.54549825,7002.871,3182.8171,54.549824
0.26019856,4999.29,3698.4817,26.019855
0.52294713,6399.3447,3052.8257,52.294712
0.39969525,30073.297,18053.143,39.969524
0.12431665,20814.809,18227.182,12.431664
0.085715674,8989.213,8218.696,8.571568
0.56752497,7212.439,3119.1997,56.7525
0.43534243,15019.801,8481.044,43.534245
0.29730266,4000.3906,2811.0637,29.730267
0.6131189,19985.7,7732.0894,61.31189
0.71395224,3010.4854,861.1426,71.395226
0.41407207,2522.4688,1477.985,41.407207
0.3715216,2682.1953,1685.7018,37.15216
0.47454602,5992.6255,3148.8489,47.4546
0.448349,14996.086,8272.605,44.8349
0.17059253,12978.04,10764.083,17.059254
0.1609748,16010.72,13433.397,16.09748
0.30250543,6391.936,4458.341,30.250544
0.48264024,8994.518,4653.4014,48.264023
0.57775,10282.955,4341.9775,57.775
0.4332767,16822.775,9533.858,43.32767
0.55933005,7998.698,3524.786,55.933006
0.7742092,11198.081,2528.4236,77.42092
0.37827703,19998.406,12433.468,37.8277
0.3523211,6004.0273,3888.682,35.23211
0.6258227,23611.293,8834.81,62.58227
0.37221336,15006.277,9420.74,37.221336
0.3491809,1767.831,1150.5382,34.91809
0.31654292,5486.1504,3749.5483,31.654293
0.45925808,35002.207,18927.16,45.925808
0.40579346,16003.331,9509.284,40.579346
0.29727492,25029.258,17588.686,29.727491
0.08143823,20004.457,18375.33,8.143823
0.24895369,5001.665,3756.482,24.895369
0.5183878,4410.089,2123.9526,51.83878
0.8187395,18021.523,3266.5908,81.87395
0.80016243,8570.262,1712.6603,80.01624
0.7652428,5516.5703,1295.0546,76.524284
0.41558012,11995.072,7010.158,41.558014
0.6867421,9996.754,3131.5618,68.67421
0.16652842,8001.532,6669.05,16.652842
0.717117,4994.333,1412.8119,71.7117
0.10427397,25852.008,23156.316,10.427397
0.1918727,14006.064,11318.683,19.18727
0.41137204,10000.441,5886.539,41.137203
0.27749443,30005.543,21679.172,27.749443
0.21788895,26531.174,20750.324,21.788895
0.5919527,7967.0957,3250.9521,59.195267
0.1634226,28000.822,23424.855,16.34226
0.56958586,19041.117,8195.566,56.958588
0.7119504,18009.525,5187.636,71.195045
0.7186012,16013.099,4506.0664,71.86012
0.46092966,3004.6846,1619.7365,46.092968
0.76989865,33344.02,7672.504,76.98987
0.5131092,23615.285,11498.064,51.31092
0.776613,14019.47,3131.7673,77.6613
0.51570415,19008.186,9205.585,51.570415
0.81667405,6536.6504,1198.3376,81.667404
0.257631,12005.225,8912.307,25.7631
0.3441148,7510.272,4925.8765,34.41148
0.6378142,8405.7705,3044.4504,63.78142
0.55941397,20336.11,8959.806,55.9414
0.41926798,25879.055,15028.795,41.9268
0.5520822,34987.477,15671.515,55.208218
0.36697406,8001.7666,5065.3257,36.697407
0.19616932,25030.338,20120.154,19.616932
0.24249354,1446.9893,1096.1038,24.249353
0.5928716,10868.871,4425.026,59.28716
0.123893104,10003.889,8764.476,12.389311
0.76659524,3005.6055,701.5226,76.65952
0.40096313,15002.811,8987.236,40.096313
0.5662833,5524.9453,2396.2612,56.62833
0.55543727,6992.7866,3108.7324,55.543728
0.6967169,8247.352,2501.2822,69.67169
0.38693762,14008.218,8587.911,38.693764
0.33709893,6003.7993,3979.9248,33.709892
0.3574695,14010.327,9002.0625,35.74695
0.45170683,8992.451,4930.4995,45.17068
0.6246749,15006.822,5632.437,62.46749
0.32384846,11528.966,7795.3276,32.384846
0.2433747,2250.6748,1702.9175,24.337471
0.099429496,7236.4814,6516.962,9.942949
0.33935642,15997.589,10568.704,33.935642
0.583733,3713.5684,1545.8359,58.373302
0.33566546,16008.894,10635.261,33.566547
0.4045855,15995.0625,9523.692,40.45855
0.07615516,996.47754,920.59064,7.615516
0.44423497,4004.2695,2225.433,44.423496
0.29949734,23981.504,16799.107,29.949734
0.6533701,15000.582,5199.6504,65.337006
0.0747888,5620.995,5200.6074,7.47888
0.18256578,7993.1035,6533.836,18.256578
0.41072038,6512.089,3837.4414,41.072037
0.1440779,19999.23,17117.783,14.407789
0.6774689,19037.695,6140.249,67.74689
0.6157903,8243.689,3167.3054,61.57903
0.11937436,10004.858,8810.535,11.937436
0.38696212,15001.712,9196.618,38.696213
0.20659217,24996.84,19832.688,20.659218
0.3848533,5005.1836,3078.922,38.48533
0.25087067,4211.665,3155.0815,25.087067
0.29208574,8996.589,6368.8135,29.208574
0.5881014,19936.764,8211.926,58.81014
0.5685705,19043.965,8216.128,56.857048
0.5526204,12019.787,5377.407,55.26204
0.5190938,12980.439,6242.3735,51.90938
0.76612866,10291.215,2406.8203,76.61287
0.39371997,17745.525,10758.758,39.371998
0.2029446,25014.441,19937.895,20.29446
0.7604502,32171.242,7706.615,76.04502
0.7115991,7508.9204,2165.5793,71.15991
0.510379,21990.896,10767.204,51.037903
0.4430168,35005.508,19497.48,44.30168
0.50076455,14981.825,7479.4585,50.076454
0.2929402,29979.547,21197.332,29.29402
0.16584691,5005.117,4175.0337,16.584692
0.68498886,15035.01,4736.196,68.498886
0.64654016,3998.88,1413.4435,64.654015
0.6133527,6995.1685,2704.6628,61.33527
0.4879993,9998.309,5119.1406,48.79993
0.610743,12009.671,4674.8486,61.0743
0.3581024,3005.5898,1929.2808,35.81024
0.6609348,4993.9014,1693.2582,66.09348
0.2895963,6036.8965,4288.6333,28.95963
0.2759379,12006.6875,8693.587,27.593792
0.35465246,16007.648,10330.496,35.46525
0.33922526,30011.23,19830.662,33.922527
0.29206106,28038.584,19849.605,29.206106
0.65186524,8541.594,2973.6257,65.18652
0.32758513,10001.084,6724.878,32.758514
0.264356,14394.067,10588.909,26.435598
0.53277904,20012.367,9350.197,53.277905
0.61729026,12019.242,4599.881,61.729027
0.42854622,15001.784,8572.827,42.85462
0.6359867,22590.67,8223.305,63.598667
0.3636204,15008.605,9551.17,36.36204
0.76475054,5505.043,1295.0583,76.47505
0.24664266,5003.673,3769.5537,24.664267
0.39890507,10496.773,6309.5576,39.890507
0.13045175,5006.8555,4353.7026,13.045176
0.30120212,23994.203,16767.098,30.120213
0.34356973,8003.016,5253.422,34.35697
0.6604365,13963.165,4741.381,66.04365
0.5574249,30010.86,13282.059,55.74249
0.79260945,12703.853,2634.659,79.26095
0.6718444,9995.666,3280.1335,67.18444
0.22129962,6512.8184,5071.534,22.129961
0.46902743,19996.453,10617.568,46.902744
0.21373774,15003.37,11796.584,21.373774
0.25609306,1658.6387,1233.8729,25.609306
0.49186718,12823.641,6516.113,49.186718
0.45345533,20001.299,10931.604,45.34553
0.56180435,5001.4834,2191.6282,56.180435
0.29069796,8531.075,6051.1094,29.069796
0.5584957,4008.6348,1769.8295,55.84957
0.3298683,23928.684,16035.369,32.986828
0.49530345,25006.941,12620.917,49.530346
0.7257116,6216.945,1705.236,72.57116
0.6406438,8869.454,3187.2935,64.06438
0.6670646,22051.045,7341.573,66.70646
0.17221308,19997.984,16554.07,17.221308
0.44053906,9998.274,5593.644,44.053905
0.40232345,25934.598,15500.5,40.232346
0.5238947,9998.304,4760.245,52.389473
0.6355246,10983.502,4003.2166,63.552456
0.13093807,27217.727,23653.89,13.093807
0.35920033,9893.828,6339.9614,35.920033
0.5621755,19772.525,8656.8955,56.217552
0.7248568,16031.6875,4411.01,72.48568
0.7141062,7937.4116,2269.2568,71.41062
0.5671552,14394.073,6230.4,56.71552
0.5150993,11181.146,5421.746,51.50993
0.62063766,20000.402,7587.3994,62.063766
0.44925895,20002.52,11016.209,44.925896
0.42890096,14031.305,8013.2646,42.890095
0.0979512,2077.1611,1873.7008,9.79512
0.5931134,3007.8047,1223.8353,59.31134
0.38069627,25002.408,15484.084,38.069626
0.15055428,12006.645,10198.992,15.0554285
0.38187143,20002.814,12364.311,38.18714
0.7279153,16036.923,4363.4014,72.79153
0.33074456,7000.373,4685.0376,33.074455
0.445576,2004.5518,1111.3716,44.557602
0.28834084,4003.2666,2848.9614,28.834084
0.56393087,14997.268,6539.845,56.393085
0.074345455,15016.228,13899.839,7.4345455
0.56764233,21017.387,9087.028,56.764233
0.65880203,3989.4248,1361.1836,65.8802
0.24654429,34983.84,26358.773,24.654428
0.7616712,25036.764,5966.9824,76.16712
0.74423635,10018.694,2562.4177,74.42364
0.65557873,7927.811,2730.5068,65.55788
0.5852659,16008.167,6639.1333,58.52659
0.40520594,17999.68,10706.103,40.52059
0.04968673,14996.675,14251.539,4.9686728
0.43098176,20971.97,11933.434,43.098175
0.7376481,21039.223,5519.679,73.76482
0.4332437,13579.045,7696.0093,43.324368
0.3593812,14025.119,8984.755,35.938118
0.31374484,10000.204,6862.6914,31.374485
0.2694013,18000.604,13151.218,26.940132
0.3732418,23016.863,14426.008,37.32418
0.5497191,15002.857,6755.5,54.97191
0.4938568,20013.04,10129.464,49.385677
0.5125281,4997.168,2435.9788,51.25281
0.35632643,16823.227,10828.666,35.632645
0.5808108,24449.367,10248.911,58.081078
0.49351534,16862.514,8540.604,49.351536
0.094947405,22031.879,19940.01,9.4947405
0.57727253,16595.078,7015.1953,57.727253
0.39703792,15006.625,9048.426,39.703793
0.64339393,18021.164,6426.4565,64.33939
0.6340613,7992.636,2924.8152,63.406128
0.6891742,18460.418,5737.9746,68.91742
0.48119566,8547.506,4434.483,48.119564
0.4136582,2977.918,1746.0778,41.36582
0.31260303,5000.8643,3437.579,31.260303
0.22875743,14011.28,10806.096,22.875742
0.5296523,7994.232,3760.0686,52.96523
0.4085499,12015.776,7106.732,40.854992
0.3060127,6511.6504,4519.003,30.601269
0.4961164,12028.166,6060.7954,49.61164
0.31637338,5998.817,4100.951,31.637339
0.5321574,12046.788,5636.0005,53.215744
0.50107485,11998.057,5986.1323,50.107487
0.17376925,10002.615,8264.469,17.376925
0.39127648,7998.933,4869.1387,39.127647
0.09276484,8005.9873,7263.313,9.276484
0.4602327,8001.699,4319.055,46.02327
0.47567692,8407.043,4408.007,47.56769
0.7105741,12048.178,3487.0547,71.05741
0.31222862,16155.982,11111.622,31.222862
0.51977783,10000.453,4802.4395,51.977783
0.7502291,9074.045,2266.4321,75.02291
0.582099,26593.6,11113.491,58.209904
0.3871915,15008.854,9197.553,38.71915
0.85044813,18473.904,2762.807,85.044815
0.5004045,12012.434,6001.358,50.040447
0.5853425,9996.74,4145.223,58.534252
0.32445776,14992.684,10128.191,32.445778
